,Exact Mass,TPSA,ALogP,PappE-6
0,744.4574336400017,165.81,3.428800000000006,0.706130401989973
1,744.4574336400017,165.81,3.428800000000006,0.305434263463474
2,744.4574336400017,165.81,3.428800000000006,0.946310247358664
3,744.4574336400017,165.81,3.428800000000006,9.23343523551195
4,744.4574336400017,165.81,3.428800000000006,1.71330512168335
5,744.4574336400017,165.81,3.428800000000006,15.7620304200919
6,744.4574336400017,165.81,3.428800000000006,14.0189418393433
7,744.4574336400017,165.81,3.428800000000006,7.20677236012941
8,758.4730837040017,157.01999999999998,3.771000000000007,7.66411886046131
9,758.4730837040017,157.02,3.771000000000007,4.75790620693857
10,758.4730837040017,157.01999999999998,3.771000000000007,1.20031597426137
11,758.4730837040017,157.01999999999998,3.771000000000007,1.68108930494914
12,758.4730837040017,157.01999999999998,3.771000000000007,3.28724825666759
13,758.4730837040017,157.01999999999998,3.771000000000007,2.51376068383919
14,758.4730837040017,157.02,3.771000000000007,8.60733953858114
15,758.4730837040017,157.02,3.771000000000007,4.21140127745277
16,758.4730837040017,157.01999999999998,3.771000000000007,6.74985531058017
17,758.4730837040017,157.02,3.771000000000007,4.39675795359793
18,758.4730837040017,157.02,3.771000000000007,5.36098700191976
19,758.4730837040017,157.01999999999998,3.771000000000007,5.45956725284808
20,758.4730837040017,157.02,3.771000000000007,7.53702005641325
21,758.4730837040017,157.02,3.771000000000007,4.06768467902093
22,758.4730837040017,157.01999999999998,3.771000000000007,6.60284066132907
23,758.4730837040017,157.01999999999998,3.771000000000007,4.03317367111738
24,772.4887337680018,148.23,4.113200000000008,8.06818322062471
25,772.4887337680018,148.23,4.113200000000008,7.85657068024917
26,772.4887337680018,148.23,4.113200000000008,5.15078276202957
27,772.4887337680018,148.23,4.113200000000008,10.0531502764527
28,772.4887337680018,148.23,4.113200000000008,4.50375442545944
29,772.4887337680018,148.23,4.113200000000008,7.83037440556633
30,772.4887337680018,148.23,4.113200000000008,4.73366812262352
31,778.4417835760016,157.01999999999998,3.926700000000004,1.05467778575309
32,778.4417835760016,157.02,3.9267000000000047,1.51709123396893
33,778.4417835760016,157.01999999999998,3.926700000000004,5.00023353726905
34,772.4887337680018,148.23,4.113200000000008,4.60217843837669
35,772.4887337680018,148.23,4.113200000000008,4.86102801015951
36,772.4887337680018,148.23,4.113200000000008,3.17601892808373
37,772.4887337680018,148.23,4.113200000000008,6.13601344746143
38,778.4417835760016,157.02,3.9267000000000047,3.80665460565822
39,778.4417835760016,157.01999999999998,3.926700000000004,4.75900260691081
40,778.4417835760016,157.02,3.9267000000000047,1.80373950801727
41,772.4887337680018,148.23,4.113200000000008,8.05477591200172
42,772.4887337680018,148.23,4.113200000000008,4.90020011024368
43,778.4417835760016,157.01999999999998,3.926700000000004,1.08342908434255
44,778.4417835760016,157.01999999999998,3.926700000000004,3.12078121157056
45,786.5043838320018,139.44,4.455400000000008,4.7427223447127
46,786.5043838320018,139.44,4.455400000000008,5.76381758427079
47,786.5043838320018,139.44,4.455400000000008,4.17084537325908
48,792.4574336400017,165.81,4.015500000000006,4.97604383206131
49,792.4574336400017,148.23,4.268900000000006,2.33480581619659
50,792.4574336400017,148.23,4.268900000000006,3.32262143743644
51,786.5043838320018,139.44,4.455400000000008,6.09678046168243
52,786.5043838320018,139.44,4.455400000000008,2.9234868397556
53,792.4574336400017,165.81,4.015500000000006,10.7295519296982
54,792.4574336400017,148.23,4.268900000000006,0.650945388484219
55,792.4574336400017,165.81,4.015500000000006,9.76269780205994
56,792.4574336400017,148.23,4.268900000000005,4.18720769860094
57,792.4574336400017,148.23,4.268900000000006,7.48780783422432
58,792.4574336400017,148.23,4.268900000000006,2.78141649459063
59,792.4574336400017,165.81,4.015500000000006,5.43994916881435
60,792.4574336400017,148.23,4.268900000000006,3.3483925834639
61,792.4574336400017,148.23,4.268900000000005,5.82493293149753
62,806.4730837040017,139.44,4.611100000000006,5.52798073358583
63,806.4730837040017,157.02,4.357700000000006,2.80604764399467
64,806.4730837040017,157.02,4.357700000000006,2.36609130384159
65,806.4730837040017,157.02,4.357700000000006,2.86334332133944
66,806.4730837040017,139.44,4.611100000000006,1.4992317844491
67,806.4730837040017,139.44,4.611100000000006,3.90872131972588
68,812.4261335120016,148.23,4.424600000000003,1.60736879702447
69,806.4730837040017,157.02,4.357700000000006,4.25568135704758
70,806.4730837040017,139.44,4.611100000000006,4.27728030357788
71,820.4887337680018,148.23,4.699900000000006,0.0
72,820.4887337680018,148.23,4.699900000000006,10.3176733053757
73,826.4417835760016,157.01999999999998,4.513400000000005,1.10162416814355
74,826.4417835760016,157.02,4.513400000000005,1.72133699214057
75,826.4417835760016,139.44,4.766800000000004,3.47294971584912
76,826.4417835760016,157.01999999999998,4.513400000000005,0.388554264302771
77,826.4417835760016,139.44,4.766800000000004,1.46345535032569
78,846.4104834480015,139.44,4.922500000000004,1.39342850822093
79,860.4261335120016,148.23,5.011300000000005,1.86024817028328
80,744.4574336400017,165.81,3.428800000000006,1.53242793253383
81,744.4574336400017,165.81,3.428800000000006,2.75290201325816
82,744.4574336400017,165.81,3.428800000000006,1.19564293186894
83,744.4574336400017,165.81,3.428800000000006,0.474864521157187
84,744.4574336400017,165.81,3.428800000000006,1.66486680311134
85,744.4574336400017,165.81,3.428800000000006,14.3876477663885
86,744.4574336400017,165.81,3.428800000000006,0.338390949331384
87,758.4730837040017,157.01999999999998,3.771000000000007,5.46171131993351
88,758.4730837040017,157.02,3.771000000000007,4.37813570644035
89,758.4730837040017,157.01999999999998,3.771000000000007,6.39398139248096
90,758.4730837040017,157.01999999999998,3.771000000000007,3.23478291721468
91,758.4730837040017,157.02,3.771000000000007,7.38764856471276
92,758.4730837040017,157.01999999999998,3.771000000000007,4.66215814946809
93,758.4730837040017,157.02,3.771000000000007,2.25414760577829
94,758.4730837040017,157.02,3.771000000000007,10.8115266965463
95,758.4730837040017,157.01999999999998,3.771000000000007,4.25188912303199
96,758.4730837040017,157.01999999999998,3.771000000000007,0.680337018392418
97,758.4730837040017,157.02,3.771000000000007,1.97850796160282
98,758.4730837040017,157.02,3.771000000000007,2.87999530074194
99,758.4730837040017,157.01999999999998,3.771000000000007,6.85106242031239
100,758.4730837040017,157.02,3.771000000000007,9.00657671069172
101,758.4730837040017,157.01999999999998,3.771000000000007,3.89374204769318
102,758.4730837040017,157.01999999999998,3.771000000000007,2.1405765051719
103,758.4730837040017,157.01999999999998,3.771000000000007,2.61204414786928
104,758.4730837040017,157.02,3.771000000000007,2.14486516795383
105,758.4730837040017,157.01999999999998,3.771000000000007,1.80776023379391
106,772.4887337680018,148.23,4.113200000000008,7.40013102071794
107,772.4887337680018,148.23,4.113200000000008,6.02340538415914
108,772.4887337680018,148.23,4.113200000000008,7.8086400585935
109,772.4887337680018,148.23,4.113200000000008,4.69265170000766
110,772.4887337680018,148.23,4.113200000000008,6.12903274290841
111,772.4887337680018,148.23,4.113200000000008,6.89728114018884
112,772.4887337680018,148.23,4.113200000000008,7.78810509044668
113,772.4887337680018,148.23,4.113200000000008,6.51300101408349
114,772.4887337680018,148.23,4.113200000000008,5.69312077931139
115,778.4417835760016,157.01999999999998,3.926700000000004,1.14545043015857
116,778.4417835760016,157.01999999999998,3.926700000000004,2.00952497709808
117,778.4417835760016,157.02,3.9267000000000047,3.36932092745525
118,772.4887337680018,148.23,4.113200000000008,9.60169605770228
119,772.4887337680018,148.23,4.113200000000008,6.00954657436989
120,772.4887337680018,148.23,4.113200000000008,7.8923441952053
121,772.4887337680018,148.23,4.113200000000008,5.49679806513607
122,778.4417835760016,157.01999999999998,3.926700000000004,2.80046364824186
123,778.4417835760016,157.02,3.9267000000000047,1.48137784417657
124,778.4417835760016,157.02,3.9267000000000047,2.6766775588328
125,772.4887337680018,148.23,4.113200000000008,7.25432004165068
126,772.4887337680018,148.23,4.113200000000008,6.67138264596637
127,778.4417835760016,157.01999999999998,3.926700000000004,1.46474797637045
128,778.4417835760016,157.01999999999998,3.926700000000004,1.65749484068316
129,778.4417835760016,157.02,3.9267000000000047,1.22196407291479
130,786.5043838320018,139.44,4.455400000000008,6.86080947656304
131,786.5043838320018,139.44,4.455400000000008,5.64412642248354
132,786.5043838320018,139.44,4.455400000000008,5.13002175710222
133,792.4574336400017,165.81,4.015500000000006,1.86201965799644
134,792.4574336400017,148.23,4.268900000000006,1.54804409621376
135,792.4574336400017,148.23,4.268900000000006,4.87353405708864
136,786.5043838320018,139.44,4.455400000000008,6.40539570718915
137,792.4574336400017,148.23,4.268900000000006,1.16846513081927
138,792.4574336400017,165.81,4.015500000000006,1.85289268977792
139,792.4574336400017,165.81,4.015500000000006,2.04047059734099
140,792.4574336400017,148.23,4.268900000000005,2.68293859035759
141,792.4574336400017,148.23,4.268900000000006,3.28127656253693
142,792.4574336400017,148.23,4.268900000000005,3.37928669294656
143,792.4574336400017,148.23,4.268900000000006,2.48878456190508
144,792.4574336400017,148.23,4.268900000000006,5.20342247683664
145,792.4574336400017,148.23,4.268900000000006,4.16336303626713
146,786.5043838320018,139.44,4.455400000000008,5.08317008896262
147,792.4574336400017,165.81,4.015500000000006,1.17780015637976
148,792.4574336400017,148.23,4.268900000000006,2.06357384240452
149,792.4574336400017,148.23,4.268900000000005,4.2794509915826
150,792.4574336400017,148.23,4.268900000000006,4.06001942375364
151,792.4574336400017,148.23,4.268900000000006,4.07838650008671
152,806.4730837040017,157.02,4.357700000000006,1.33232095974413
153,806.4730837040017,139.44,4.611100000000006,3.21234239588506
154,806.4730837040017,157.02,4.357700000000006,2.10064587661819
155,806.4730837040017,139.44,4.611100000000006,4.72007636842744
156,806.4730837040017,157.01999999999998,4.357700000000005,1.90324471685914
157,806.4730837040017,139.44,4.611100000000006,3.67872751667261
158,806.4730837040017,139.44,4.611100000000006,3.03595669256095
159,812.4261335120016,148.23,4.424600000000003,0.964480052298525
160,806.4730837040017,157.01999999999998,4.357700000000005,1.94625848792503
161,806.4730837040017,157.02,4.357700000000006,2.42925739874857
162,806.4730837040017,139.44,4.611100000000006,5.85503759402787
163,806.4730837040017,139.44,4.611100000000006,5.11401244022208
164,812.4261335120016,148.23,4.424600000000003,1.6704924836136
165,820.4887337680018,148.23,4.699900000000006,0.0
166,820.4887337680018,148.23,4.699900000000006,3.85045600410513
167,826.4417835760016,157.02,4.513400000000005,0.631331520748731
168,826.4417835760016,157.01999999999998,4.513400000000005,0.840560411091251
169,820.4887337680018,148.23,4.699900000000006,4.77373908849691
170,826.4417835760016,157.01999999999998,4.513400000000005,0.945468611759052
171,826.4417835760016,139.44,4.766800000000004,3.45163905621205
172,840.4574336400017,148.23,4.855600000000006,3.35525630273751
173,840.4574336400017,148.23,4.855600000000005,2.74598388611285
174,840.4574336400017,148.23,4.855600000000005,2.91591836607235
175,846.4104834480015,139.44,4.922500000000004,0.670520842862571
176,860.4261335120016,148.23,5.011300000000005,1.56240485812967
177,682.4417835760016,157.01999999999998,2.5498000000000056,11.7229821243686
178,682.4417835760016,157.01999999999998,2.5498000000000056,1.2623202361366
179,682.4417835760016,157.01999999999998,2.5498000000000056,0.911384968005177
180,682.4417835760016,157.01999999999998,2.5498000000000056,6.66354028863204
181,682.4417835760016,157.01999999999998,2.5498000000000056,1.01104295551072
182,682.4417835760016,157.01999999999998,2.5498000000000056,0.239679352657087
183,696.4574336400017,148.23,2.8920000000000066,0.95055391360327
184,696.4574336400017,148.23,2.8920000000000075,1.73260122024266
185,696.4574336400017,148.23,2.8920000000000066,8.41727329994509
186,696.4574336400017,148.23,2.8920000000000075,5.04886947166656
187,696.4574336400017,148.23,2.8920000000000066,6.17030259613726
188,696.4574336400017,148.23,2.8920000000000066,3.36477274016883
189,696.4574336400017,148.23,2.8920000000000075,6.50506660065831
190,696.4574336400017,148.23,2.8920000000000075,4.98335324462208
191,696.4574336400017,148.23,2.8920000000000066,9.60170944409378
192,696.4574336400017,148.23,2.8920000000000066,2.08622162206626
193,696.4574336400017,148.23,2.8920000000000075,6.08571606856148
194,696.4574336400017,148.23,2.8920000000000066,5.13362403782585
195,696.4574336400017,148.23,2.8920000000000066,6.99978521910462
196,696.4574336400017,148.23,2.8920000000000075,10.0434816777718
197,696.4574336400017,148.23,2.8920000000000066,15.7585977615825
198,696.4574336400017,148.23,2.8920000000000066,6.15641888699074
199,696.4574336400017,148.23,2.8920000000000066,6.87451996952211
200,710.4730837040017,139.44,3.2342000000000075,8.02693824640985
201,710.4730837040017,139.44,3.2342000000000075,6.89668494141578
202,710.4730837040017,139.44,3.2342000000000075,8.92839437817979
203,710.4730837040017,139.44,3.2342000000000075,9.1127851865448
204,710.4730837040017,139.44,3.2342000000000075,13.0004869104273
205,710.4730837040017,139.44,3.2342000000000075,11.061223817088
206,716.4261335120016,148.23,3.047700000000006,1.18387760887312
207,716.4261335120016,148.23,3.047700000000007,1.40464601638801
208,716.4261335120016,148.23,3.0477000000000043,3.74767842541995
209,710.4730837040017,139.44,3.2342000000000075,4.75204766128855
210,710.4730837040017,139.44,3.2342000000000075,9.67901459351389
211,710.4730837040017,139.44,3.2342000000000075,13.9000645101075
212,710.4730837040017,139.44,3.2342000000000075,14.7135976307144
213,710.4730837040017,139.44,3.2342000000000075,10.4317690333309
214,710.4730837040017,139.44,3.2342000000000075,8.81669090700222
215,716.4261335120016,148.23,3.0477000000000043,0.777715668775816
216,716.4261335120016,148.23,3.0477000000000043,1.70774432455445
217,716.4261335120016,148.23,3.047700000000006,9.77222185449415
218,710.4730837040017,139.44,3.2342000000000075,9.75061879728534
219,710.4730837040017,139.44,3.2342000000000075,10.8694961474313
220,716.4261335120016,148.23,3.0477000000000043,1.28404329755813
221,716.4261335120016,148.23,3.047700000000007,2.3027432737731
222,716.4261335120016,148.23,3.047700000000006,4.09961591999034
223,724.4887337680018,130.65,3.5764000000000085,5.27925673159178
224,724.4887337680018,130.65,3.5764000000000085,7.4136082821651
225,724.4887337680018,130.65,3.5764000000000085,8.14242333310039
226,730.4417835760016,139.44,3.3899000000000035,4.44863953463251
227,730.4417835760016,139.44,3.3899000000000044,4.72557405846375
228,724.4887337680018,130.65,3.5764000000000085,13.4705914916902
229,724.4887337680018,130.65,3.5764000000000085,8.36630105306635
230,730.4417835760016,157.01999999999998,3.136500000000007,0.770982236944058
231,730.4417835760016,157.01999999999998,3.136500000000007,0.814648381704957
232,730.4417835760016,139.44,3.389900000000006,4.31418772176889
233,730.4417835760016,139.44,3.3899000000000052,7.40342988081334
234,730.4417835760016,139.44,3.3899000000000044,7.34905680716383
235,730.4417835760016,139.44,3.3899000000000035,9.17590462864778
236,730.4417835760016,139.44,3.3899000000000052,7.48004353386528
237,730.4417835760016,139.44,3.389900000000006,5.61449607763063
238,744.4574336400017,130.65,3.732100000000006,2.8622323623618
239,744.4574336400017,130.65,3.732100000000006,1.99092840968537
240,744.4574336400017,148.23,3.478700000000007,4.65561700143243
241,744.4574336400017,130.65,3.7321000000000053,4.60650115342117
242,744.4574336400017,130.65,3.7321000000000053,2.54719870430055
243,744.4574336400017,130.65,3.732100000000006,8.0085483659015
244,744.4574336400017,148.23,3.478700000000007,4.43110036352829
245,744.4574336400017,130.65,3.732100000000006,7.01765652743
246,744.4574336400017,130.65,3.732100000000006,6.3939687534459
247,744.4574336400017,130.65,3.7321000000000053,7.12489411463356
248,750.4104834480015,139.44,3.545600000000004,6.57088693742558
249,758.4730837040017,139.44,3.820900000000007,4.17754244140446
250,764.4261335120016,130.65,3.887800000000004,1.73239521343889
251,764.4261335120016,148.23,3.6344000000000047,6.46092948856514
252,758.4730837040017,139.44,3.820900000000007,5.30721868229151
253,764.4261335120016,130.65,3.887800000000004,1.9945347467564
254,784.3948333840015,130.65,4.0435000000000025,1.21123342332171
255,682.4417835760016,157.01999999999998,2.5498000000000056,0.0
256,682.4417835760016,157.01999999999998,2.5498000000000056,8.2486057003214
257,682.4417835760016,157.01999999999998,2.5498000000000056,1.86365367058987
258,682.4417835760016,157.01999999999998,2.5498000000000056,5.54735029453487
259,682.4417835760016,157.01999999999998,2.5498000000000056,0.839795876165703
260,682.4417835760016,157.01999999999998,2.5498000000000056,11.5916227825201
261,696.4574336400017,148.23,2.8920000000000066,1.11967490321873
262,696.4574336400017,148.23,2.8920000000000075,12.7535902231017
263,696.4574336400017,148.23,2.8920000000000066,11.0766646714726
264,696.4574336400017,148.23,2.8920000000000066,11.8072857500261
265,696.4574336400017,148.23,2.8920000000000075,11.9578916652641
266,696.4574336400017,148.23,2.8920000000000075,1.40995105043168
267,696.4574336400017,148.23,2.8920000000000066,10.0537937388429
268,696.4574336400017,148.23,2.8920000000000066,6.2996150555139
269,696.4574336400017,148.23,2.8920000000000066,10.3373173819269
270,696.4574336400017,148.23,2.8920000000000075,11.6857649222276
271,696.4574336400017,148.23,2.8920000000000066,9.313143751662
272,696.4574336400017,148.23,2.8920000000000075,3.95357970814567
273,710.4730837040017,139.44,3.2342000000000075,14.8255043937901
274,710.4730837040017,139.44,3.2342000000000075,15.1675248244096
275,710.4730837040017,139.44,3.2342000000000075,15.9537672235949
276,710.4730837040017,139.44,3.2342000000000075,4.28059500085514
277,710.4730837040017,139.44,3.2342000000000075,12.08763898779
278,710.4730837040017,139.44,3.2342000000000075,15.0740681975676
279,710.4730837040017,139.44,3.2342000000000075,19.4589141864389
280,710.4730837040017,139.44,3.2342000000000075,15.0789428148835
281,716.4261335120016,148.23,3.047700000000006,1.31673343945898
282,716.4261335120016,148.23,3.047700000000007,3.57306219766873
283,710.4730837040017,139.44,3.2342000000000075,17.4426248942739
284,710.4730837040017,139.44,3.2342000000000075,19.6546742859733
285,710.4730837040017,139.44,3.2342000000000075,18.2084758162117
286,710.4730837040017,139.44,3.2342000000000075,15.7639305989808
287,716.4261335120016,148.23,3.0477000000000043,2.84584595376149
288,716.4261335120016,148.23,3.0477000000000043,2.25290000380787
289,716.4261335120016,148.23,3.047700000000006,3.17960829452285
290,716.4261335120016,148.23,3.047700000000006,2.56868735543253
291,710.4730837040017,139.44,3.2342000000000075,14.9679269012767
292,716.4261335120016,148.23,3.047700000000006,3.79887861198645
293,724.4887337680018,130.65,3.5764000000000085,14.4996003404169
294,724.4887337680018,130.65,3.5764000000000085,15.2666120465706
295,724.4887337680018,130.65,3.5764000000000085,16.8047254390168
296,730.4417835760016,139.44,3.3899000000000044,0.59109430070732
297,730.4417835760016,139.44,3.389900000000006,1.28825970318095
298,730.4417835760016,139.44,3.3899000000000035,5.73476500141418
299,724.4887337680018,130.65,3.5764000000000085,19.2252596841001
300,724.4887337680018,130.65,3.5764000000000085,14.8407535011294
301,730.4417835760016,157.01999999999998,3.136500000000007,2.81914015276695
302,730.4417835760016,139.44,3.389900000000006,2.03006731867913
303,730.4417835760016,139.44,3.3899000000000035,13.1475761215361
304,730.4417835760016,139.44,3.3899000000000035,14.7349197949713
305,730.4417835760016,139.44,3.3899000000000052,10.5573203903253
306,730.4417835760016,139.44,3.3899000000000052,8.3751972850848
307,730.4417835760016,157.01999999999998,3.136500000000007,1.0269870690791
308,730.4417835760016,139.44,3.3899000000000052,10.155200416182
309,730.4417835760016,139.44,3.3899000000000035,13.4309260637778
310,730.4417835760016,139.44,3.389900000000006,11.3308392355707
311,744.4574336400017,148.23,3.478700000000007,2.15129371392334
312,744.4574336400017,130.65,3.7321000000000053,9.51521098599735
313,744.4574336400017,148.23,3.478700000000007,2.76459879068144
314,744.4574336400017,130.65,3.7321000000000053,7.26869911277457
315,744.4574336400017,130.65,3.732100000000006,10.66260214864
316,744.4574336400017,130.65,3.732100000000006,8.04212315932348
317,750.4104834480015,139.44,3.545600000000004,1.46477014659578
318,744.4574336400017,130.65,3.7321000000000053,11.7783077026406
319,744.4574336400017,130.65,3.732100000000006,13.2869155738534
320,750.4104834480015,139.44,3.545600000000004,5.20329192081209
321,764.4261335120016,148.23,3.6344000000000047,0.845979352906197
322,764.4261335120016,130.65,3.887800000000004,2.57916000642367
323,764.4261335120016,148.23,3.6344000000000047,1.4162830913268
324,764.4261335120016,130.65,3.887800000000004,2.6187976270597
325,784.3948333840015,130.65,4.0435000000000025,1.36171726416631
326,654.4104834480016,165.81,1.8159000000000054,0.410834785127939
327,654.4104834480016,165.81,1.8159000000000054,0.591386186898842
328,654.4104834480016,165.81,1.8159000000000054,0.357313953239555
329,654.4104834480016,165.81,1.8159000000000054,0.239053847398931
330,654.4104834480016,165.81,1.8159000000000054,0.323164757822483
331,668.4261335120017,157.02,2.1581000000000055,0.783878425818428
332,668.4261335120016,157.01999999999998,2.1581000000000055,1.13338435322419
333,668.4261335120016,157.01999999999998,2.1581000000000055,0.258469232033272
334,668.4261335120016,157.01999999999998,2.1581000000000055,0.491705490288972
335,668.4261335120016,157.01999999999998,2.1581000000000055,0.78676859833558
336,668.4261335120016,157.01999999999998,2.1581000000000055,0.497970553999101
337,668.4261335120017,157.02,2.1581000000000055,0.996011259429508
338,668.4261335120017,157.02,2.1581000000000055,1.14452247954683
339,668.4261335120016,157.01999999999998,2.1581000000000055,2.39292052269048
340,668.4261335120016,157.01999999999998,2.1581000000000055,0.0
341,668.4261335120016,157.01999999999998,2.1581000000000055,0.549021249801132
342,668.4261335120017,157.02,2.1581000000000055,0.652383445768823
343,668.4261335120016,157.01999999999998,2.1581000000000055,0.763327541669795
344,668.4261335120016,157.01999999999998,2.1581000000000055,1.60639919697555
345,668.4261335120017,157.02,2.1581000000000055,1.31939529849447
346,668.4261335120016,157.01999999999998,2.1581000000000055,2.05047511673547
347,668.4261335120017,157.02,2.1581000000000055,0.707252249682614
348,682.4417835760016,148.23,2.5003000000000064,3.85347929294612
349,682.4417835760016,148.23,2.5003000000000064,3.1154332710948
350,682.4417835760016,148.23,2.5003000000000064,6.03287010648424
351,682.4417835760016,148.23,2.5003000000000064,2.47967539056279
352,682.4417835760016,148.23,2.5003000000000064,4.44295873720719
353,682.4417835760016,148.23,2.5003000000000064,1.89175501271241
354,682.4417835760016,148.23,2.5003000000000064,1.85401206896406
355,682.4417835760016,148.23,2.5003000000000064,3.87385694522373
356,682.4417835760016,148.23,2.5003000000000064,12.6327724704692
357,688.3948333840015,157.01999999999998,2.313800000000003,0.369547106133316
358,688.3948333840015,157.01999999999998,2.313800000000005,0.793586561635518
359,688.3948333840016,157.02,2.313800000000005,1.26478212927229
360,682.4417835760016,148.23,2.5003000000000064,3.33682064324116
361,682.4417835760016,148.23,2.5003000000000064,5.65615792231323
362,682.4417835760016,148.23,2.5003000000000064,5.24052604256312
363,682.4417835760016,148.23,2.5003000000000064,9.88762324512881
364,688.3948333840015,157.01999999999998,2.313800000000005,0.466923748515176
365,688.3948333840015,157.01999999999998,2.313800000000005,1.53865314007629
366,688.3948333840016,157.02,2.313800000000005,2.10468359266433
367,688.3948333840016,157.02,2.313800000000005,1.59301393657982
368,682.4417835760016,148.23,2.5003000000000064,5.27068345556367
369,688.3948333840016,157.02,2.313800000000005,1.39791733322631
370,688.3948333840015,157.01999999999998,2.313800000000003,0.897323857375886
371,696.4574336400017,139.44,2.8425000000000065,6.06354639982621
372,696.4574336400017,139.44,2.8425000000000065,8.4272415842286
373,696.4574336400017,139.44,2.8425000000000065,13.3072337954328
374,696.4574336400017,139.44,2.8425000000000065,6.85688263594237
375,702.4104834480015,165.81,2.4026000000000067,0.289801845183757
376,702.4104834480015,148.23,2.656000000000004,0.394661078613574
377,702.4104834480015,148.23,2.656000000000006,1.22463675244149
378,702.4104834480015,148.23,2.656000000000006,4.03493138605154
379,702.4104834480015,148.23,2.656000000000006,6.0456108569832
380,696.4574336400017,139.44,2.8425000000000065,7.26226616213837
381,696.4574336400017,139.44,2.8425000000000065,10.016599459709
382,702.4104834480015,165.81,2.4026000000000067,0.252575915872322
383,702.4104834480015,165.81,2.4026000000000067,0.0
384,702.4104834480015,148.23,2.656000000000004,0.854886697080759
385,702.4104834480015,148.23,2.656000000000006,0.968785873854441
386,702.4104834480015,148.23,2.656000000000006,1.75738317923241
387,702.4104834480015,148.23,2.656000000000004,1.23563477530469
388,702.4104834480015,148.23,2.656000000000006,2.75406184824566
389,702.4104834480015,148.23,2.656000000000006,7.60282300402097
390,702.4104834480015,148.23,2.656000000000006,2.21407018220148
391,702.4104834480015,148.23,2.656000000000006,3.33083312793563
392,702.4104834480015,165.81,2.4026000000000067,1.14409908467327
393,702.4104834480015,148.23,2.656000000000006,1.28339657524372
394,702.4104834480015,148.23,2.656000000000006,2.33782160506619
395,716.4261335120016,139.44,2.998200000000005,1.70191849325203
396,716.4261335120016,139.44,2.998200000000005,2.56776025932327
397,716.4261335120016,139.44,2.998200000000005,4.48713828380408
398,716.4261335120016,157.02,2.744800000000007,0.0
399,716.4261335120016,157.01999999999998,2.744800000000007,0.127655805698712
400,716.4261335120016,157.01999999999998,2.744800000000007,0.522282889756668
401,716.4261335120016,157.02,2.744800000000007,0.597190316358561
402,716.4261335120016,139.44,2.998200000000005,6.32784049733365
403,716.4261335120016,139.44,2.998200000000005,3.11749813226895
404,716.4261335120016,139.44,2.998200000000005,5.05431962238752
405,722.3791833200014,148.23,2.8117000000000036,0.384629051340673
406,716.4261335120016,139.44,2.998200000000005,2.99080249836206
407,716.4261335120016,157.02,2.744800000000007,2.63623273575481
408,716.4261335120016,139.44,2.998200000000005,6.076341924887
409,722.3791833200014,148.23,2.8117000000000036,1.1126836921823
410,730.4417835760016,148.23,3.087000000000007,0.521971268751048
411,730.4417835760016,148.23,3.087000000000007,0.944375709664423
412,730.4417835760016,148.23,3.087000000000007,5.81990507369293
413,736.3948333840015,139.44,3.1539000000000037,3.15683554789039
414,750.4104834480015,148.23,3.2427000000000046,0.754857847996291
415,756.3635332560013,139.44,3.3096000000000005,0.490859066192938
416,654.4104834480016,165.81,1.8159000000000054,0.201069704344061
417,654.4104834480016,165.81,1.8159000000000054,3.70182091534711
418,654.4104834480016,165.81,1.8159000000000054,0.607407000253949
419,654.4104834480016,165.81,1.8159000000000054,0.0547759331125406
420,654.4104834480016,165.81,1.8159000000000054,0.128288034161506
421,654.4104834480016,165.81,1.8159000000000054,0.0958636164656469
422,668.4261335120017,157.02,2.1581000000000055,0.168218621823773
423,668.4261335120016,157.01999999999998,2.1581000000000055,1.32286667862124
424,668.4261335120016,157.01999999999998,2.1581000000000055,2.02261461469986
425,668.4261335120017,157.02,2.1581000000000055,0.161875692218791
426,668.4261335120016,157.01999999999998,2.1581000000000055,2.13032377189607
427,668.4261335120016,157.01999999999998,2.1581000000000055,0.550404083801856
428,668.4261335120017,157.02,2.1581000000000055,1.40047466669025
429,668.4261335120016,157.01999999999998,2.1581000000000055,1.4040569538349
430,668.4261335120016,157.01999999999998,2.1581000000000055,0.867734947762071
431,668.4261335120016,157.01999999999998,2.1581000000000055,1.57359355530332
432,668.4261335120016,157.01999999999998,2.1581000000000055,0.0758666437265587
433,668.4261335120017,157.02,2.1581000000000055,0.489219249039454
434,668.4261335120017,157.02,2.1581000000000055,1.35086845354145
435,668.4261335120017,157.02,2.1581000000000055,0.465490751148789
436,668.4261335120016,157.01999999999998,2.1581000000000055,1.47155333316015
437,668.4261335120016,157.01999999999998,2.1581000000000055,1.29078127569259
438,668.4261335120017,157.02,2.1581000000000055,0.533926057763722
439,668.4261335120016,157.01999999999998,2.1581000000000055,0.611832920361308
440,682.4417835760016,148.23,2.5003000000000064,0.424146997676669
441,682.4417835760016,148.23,2.5003000000000064,2.64313099049362
442,682.4417835760016,148.23,2.5003000000000064,6.56734824018349
443,682.4417835760016,148.23,2.5003000000000064,1.1979157448374
444,682.4417835760016,148.23,2.5003000000000064,0.32029558044396
445,682.4417835760016,148.23,2.5003000000000064,4.12175527197726
446,682.4417835760016,148.23,2.5003000000000064,5.05876591616654
447,682.4417835760016,148.23,2.5003000000000064,7.30004085742563
448,682.4417835760016,148.23,2.5003000000000064,6.90577501383111
449,688.3948333840016,157.02,2.313800000000005,0.235445759269516
450,688.3948333840015,157.01999999999998,2.313800000000005,0.358501278069987
451,688.3948333840015,157.01999999999998,2.313800000000003,0.62888443453525
452,682.4417835760016,148.23,2.5003000000000064,0.335368507372811
453,682.4417835760016,148.23,2.5003000000000064,1.1070228240731
454,682.4417835760016,148.23,2.5003000000000064,1.66548007099899
455,682.4417835760016,148.23,2.5003000000000064,4.24811963816627
456,682.4417835760016,148.23,2.5003000000000064,4.98081984567169
457,682.4417835760016,148.23,2.5003000000000064,3.24065119238895
458,688.3948333840015,157.01999999999998,2.313800000000005,0.616131597736311
459,688.3948333840015,157.01999999999998,2.313800000000005,0.234784845515575
460,688.3948333840016,157.02,2.313800000000005,0.458390836230334
461,688.3948333840016,157.02,2.313800000000005,0.48138284296138
462,682.4417835760016,148.23,2.5003000000000064,0.954274924255113
463,682.4417835760016,148.23,2.5003000000000064,4.83497992693795
464,688.3948333840016,157.02,2.313800000000005,0.539095655608586
465,688.3948333840015,157.01999999999998,2.313800000000003,0.823152894744513
466,696.4574336400017,139.44,2.8425000000000065,6.33669691268855
467,696.4574336400017,139.44,2.8425000000000065,4.83230062992198
468,696.4574336400017,139.44,2.8425000000000065,5.89263317575273
469,696.4574336400017,139.44,2.8425000000000065,4.50958696903322
470,702.4104834480015,148.23,2.656000000000006,0.453646705405663
471,702.4104834480015,148.23,2.656000000000006,2.92083758424794
472,696.4574336400017,139.44,2.8425000000000065,5.36481466848678
473,696.4574336400017,139.44,2.8425000000000065,5.23927673314854
474,696.4574336400017,139.44,2.8425000000000065,6.47897940219884
475,702.4104834480015,165.81,2.4026000000000067,0.1382121177599
476,702.4104834480015,148.23,2.656000000000004,0.803541002777888
477,702.4104834480015,148.23,2.656000000000004,1.62473126293924
478,702.4104834480015,148.23,2.656000000000006,1.66439596910814
479,702.4104834480015,148.23,2.656000000000006,3.59092690737368
480,696.4574336400017,139.44,2.8425000000000065,5.98134530980663
481,702.4104834480015,165.81,2.4026000000000067,0.24650715457767
482,702.4104834480015,148.23,2.656000000000004,1.04609573422532
483,702.4104834480015,148.23,2.656000000000006,2.56941009294486
484,702.4104834480015,148.23,2.656000000000006,3.13897056276234
485,716.4261335120016,157.02,2.744800000000007,0.17801267005074
486,716.4261335120016,157.01999999999998,2.744800000000007,1.34683581778091
487,716.4261335120016,139.44,2.998200000000005,1.2884617217572
488,716.4261335120016,139.44,2.998200000000005,3.62975659973934
489,716.4261335120016,139.44,2.998200000000005,4.25301115339661
490,716.4261335120016,157.02,2.744800000000007,0.647669325449448
491,716.4261335120016,157.01999999999998,2.744800000000007,1.18597498350619
492,716.4261335120016,139.44,2.998200000000005,2.53383470207867
493,716.4261335120016,139.44,2.998200000000005,4.24108864341698
494,722.3791833200014,148.23,2.8117000000000036,0.609146261805959
495,716.4261335120016,157.01999999999998,2.744800000000007,1.00162410402625
496,716.4261335120016,139.44,2.998200000000005,3.60135774224115
497,716.4261335120016,139.44,2.998200000000005,4.42474537659337
498,716.4261335120016,139.44,2.998200000000005,4.30285171161116
499,722.3791833200014,148.23,2.8117000000000036,0.605958474662165
500,730.4417835760016,148.23,3.087000000000007,2.6065662396494
501,730.4417835760016,148.23,3.087000000000007,3.91980628878292
502,736.3948333840015,157.02,2.9005000000000045,0.273265686179708
503,736.3948333840015,157.01999999999998,2.9005000000000036,0.471147025928271
504,730.4417835760016,148.23,3.087000000000007,4.78364097901867
505,736.3948333840015,157.01999999999998,2.9005000000000036,0.858572029949792
506,736.3948333840015,157.02,2.9005000000000045,1.08945487749944
507,736.3948333840015,139.44,3.1539000000000037,4.53200061881186
508,750.4104834480015,148.23,3.2427000000000046,2.9557860004037
509,750.4104834480015,148.23,3.2427000000000037,2.93799929567889
510,756.3635332560013,139.44,3.3096000000000005,0.864619293441968
511,770.3791833200014,148.23,3.398400000000003,2.21766136998691
512,654.4104834480016,165.81,1.8159000000000054,0.21404019112855
513,654.4104834480016,165.81,1.8159000000000054,0.0
514,654.4104834480016,165.81,1.8159000000000054,0.0
515,654.4104834480016,165.81,1.8159000000000054,15.2465658312537
516,654.4104834480016,165.81,1.8159000000000054,7.20994790738955
517,654.4104834480016,165.81,1.8159000000000054,5.81552336565321
518,654.4104834480016,165.81,1.8159000000000054,0.26066641906044
519,668.4261335120017,157.02,2.1581000000000055,0.122298289770069
520,668.4261335120016,157.01999999999998,2.1581000000000055,0.215367766694911
521,668.4261335120016,157.01999999999998,2.1581000000000055,0.0
522,668.4261335120016,157.01999999999998,2.1581000000000055,0.0
523,668.4261335120017,157.02,2.1581000000000055,0.404892600320296
524,668.4261335120016,157.01999999999998,2.1581000000000055,0.446572549118779
525,668.4261335120017,157.02,2.1581000000000055,0.520957299732771
526,668.4261335120016,157.01999999999998,2.1581000000000055,2.04254972113647
527,668.4261335120017,157.02,2.1581000000000055,4.01974495857766
528,668.4261335120016,157.01999999999998,2.1581000000000055,1.91801945566104
529,668.4261335120016,157.01999999999998,2.1581000000000055,0.303628766303777
530,668.4261335120017,157.02,2.1581000000000055,0.279383146442716
531,668.4261335120016,157.01999999999998,2.1581000000000055,0.622570626760304
532,668.4261335120016,157.01999999999998,2.1581000000000055,0.542026826338809
533,668.4261335120016,157.01999999999998,2.1581000000000055,2.9178998933055
534,668.4261335120017,157.02,2.1581000000000055,2.10175848378637
535,668.4261335120016,157.01999999999998,2.1581000000000055,2.47347261675714
536,668.4261335120017,157.02,2.1581000000000055,5.04832592170746
537,668.4261335120016,157.01999999999998,2.1581000000000055,0.343812373937972
538,668.4261335120017,157.02,2.1581000000000055,0.905681840512607
539,668.4261335120016,157.01999999999998,2.1581000000000055,2.40803914649201
540,682.4417835760016,148.23,2.5003000000000064,0.0
541,682.4417835760016,148.23,2.5003000000000064,6.26544531911275
542,682.4417835760016,148.23,2.5003000000000064,0.544180307918472
543,682.4417835760016,148.23,2.5003000000000064,0.726933791389073
544,682.4417835760016,148.23,2.5003000000000064,2.21371823098018
545,682.4417835760016,148.23,2.5003000000000064,1.97837212959346
546,682.4417835760016,148.23,2.5003000000000064,2.0466791802588
547,682.4417835760016,148.23,2.5003000000000064,15.0944085798192
548,682.4417835760016,148.23,2.5003000000000064,11.9739838866752
549,688.3948333840016,157.02,2.313800000000005,0.214528364065083
550,688.3948333840015,157.01999999999998,2.313800000000003,0.344106960884421
551,688.3948333840015,157.01999999999998,2.313800000000005,2.40930289211128
552,682.4417835760016,148.23,2.5003000000000064,6.6421282447164
553,682.4417835760016,148.23,2.5003000000000064,7.83598536687868
554,682.4417835760016,148.23,2.5003000000000064,3.84749624222587
555,682.4417835760016,148.23,2.5003000000000064,3.48445807573032
556,682.4417835760016,148.23,2.5003000000000064,12.8846195952208
557,688.3948333840015,157.01999999999998,2.313800000000005,0.203261084579343
558,688.3948333840016,157.02,2.313800000000005,0.477940788053892
559,688.3948333840015,157.01999999999998,2.313800000000005,0.454083821186222
560,688.3948333840016,157.02,2.313800000000005,2.72702195283079
561,682.4417835760016,148.23,2.5003000000000064,8.46487209204781
562,682.4417835760016,148.23,2.5003000000000064,6.80600431410563
563,688.3948333840015,157.01999999999998,2.313800000000005,0.289340983831783
564,688.3948333840015,157.01999999999998,2.313800000000003,0.912273468346287
565,688.3948333840016,157.02,2.313800000000005,1.31094609311647
566,696.4574336400017,139.44,2.8425000000000065,1.44394044926273
567,696.4574336400017,139.44,2.8425000000000065,9.30644355255043
568,702.4104834480015,148.23,2.656000000000006,0.553884301792115
569,702.4104834480015,148.23,2.656000000000006,0.582817107772132
570,702.4104834480015,165.81,2.4026000000000067,9.20533629510464
571,702.4104834480015,148.23,2.656000000000006,3.245887908323
572,696.4574336400017,139.44,2.8425000000000065,9.90599608469764
573,702.4104834480015,165.81,2.4026000000000067,3.24045637392478
574,702.4104834480015,148.23,2.656000000000004,0.794295712635968
575,702.4104834480015,148.23,2.656000000000006,0.0
576,702.4104834480015,148.23,2.656000000000006,1.72564485490691
577,702.4104834480015,148.23,2.656000000000006,1.71303277179274
578,702.4104834480015,148.23,2.656000000000006,3.57004534571507
579,702.4104834480015,148.23,2.656000000000006,8.12948739600433
580,702.4104834480015,148.23,2.656000000000004,0.0
581,702.4104834480015,165.81,2.4026000000000067,0.348246355536281
582,702.4104834480015,148.23,2.656000000000006,1.5589697219631
583,702.4104834480015,148.23,2.656000000000006,1.82213353623378
584,716.4261335120016,157.02,2.744800000000007,0.508739777559176
585,716.4261335120016,157.01999999999998,2.744800000000007,0.535827371886569
586,716.4261335120016,139.44,2.998200000000005,7.88279671139852
587,716.4261335120016,157.01999999999998,2.744800000000007,0.0
588,716.4261335120016,157.01999999999998,2.744800000000007,0.48585045484108
589,716.4261335120016,157.02,2.744800000000007,1.02766862156922
590,716.4261335120016,139.44,2.998200000000005,0.596293364164587
591,716.4261335120016,157.02,2.744800000000007,1.85519397557584
592,716.4261335120016,139.44,2.998200000000005,8.26975735571163
593,716.4261335120016,139.44,2.998200000000005,5.29532957785978
594,722.3791833200014,148.23,2.8117000000000036,0.969540495904166
595,716.4261335120016,157.01999999999998,2.744800000000007,0.0
596,716.4261335120016,139.44,2.998200000000005,0.624579627875354
597,716.4261335120016,157.02,2.744800000000007,0.989798455895303
598,716.4261335120016,139.44,2.998200000000005,6.42225728745909
599,722.3791833200014,148.23,2.8117000000000036,0.940603495719815
600,736.3948333840015,157.01999999999998,2.9005000000000036,0.453372973596381
601,736.3948333840015,157.01999999999998,2.9005000000000036,0.0
602,736.3948333840015,139.44,3.1539000000000037,2.11911625328759
603,750.4104834480015,148.23,3.2427000000000046,1.02343356682342
604,756.3635332560013,139.44,3.3096000000000005,0.162161120560672
605,654.4104834480016,165.81,1.8159000000000054,0.373977350365413
606,654.4104834480016,165.81,1.8159000000000054,0.0
607,654.4104834480016,165.81,1.8159000000000054,0.452483236049238
608,654.4104834480016,165.81,1.8159000000000054,0.158988169647798
609,654.4104834480016,165.81,1.8159000000000054,0.452157164131683
610,654.4104834480016,165.81,1.8159000000000054,0.243841280333515
611,668.4261335120017,157.02,2.1581000000000055,0.179342531403319
612,668.4261335120016,157.01999999999998,2.1581000000000055,0.789154722942279
613,668.4261335120016,157.01999999999998,2.1581000000000055,0.626632685064174
614,668.4261335120016,157.01999999999998,2.1581000000000055,0.0
615,668.4261335120017,157.02,2.1581000000000055,0.103380343669452
616,668.4261335120016,157.01999999999998,2.1581000000000055,0.0
617,668.4261335120017,157.02,2.1581000000000055,1.42694459979308
618,668.4261335120016,157.01999999999998,2.1581000000000055,1.18270727260924
619,668.4261335120017,157.02,2.1581000000000055,4.1838339868465
620,668.4261335120016,157.01999999999998,2.1581000000000055,3.2046185582813
621,668.4261335120016,157.01999999999998,2.1581000000000055,5.7285569787782
622,668.4261335120016,157.01999999999998,2.1581000000000055,0.246411831542672
623,668.4261335120016,157.01999999999998,2.1581000000000055,0.715918064972841
624,668.4261335120016,157.01999999999998,2.1581000000000055,6.49839340569834
625,668.4261335120017,157.02,2.1581000000000055,6.26021361873943
626,668.4261335120016,157.01999999999998,2.1581000000000055,3.79994126822029
627,668.4261335120016,157.01999999999998,2.1581000000000055,1.02253608147338
628,668.4261335120017,157.02,2.1581000000000055,2.27781996542634
629,668.4261335120016,157.01999999999998,2.1581000000000055,6.8483369278874
630,682.4417835760016,148.23,2.5003000000000064,3.70770356188586
631,682.4417835760016,148.23,2.5003000000000064,0.565598584307607
632,682.4417835760016,148.23,2.5003000000000064,3.41588245716184
633,682.4417835760016,148.23,2.5003000000000064,0.536517561643393
634,682.4417835760016,148.23,2.5003000000000064,2.17659332162842
635,682.4417835760016,148.23,2.5003000000000064,5.02354743015007
636,682.4417835760016,148.23,2.5003000000000064,8.43112471084384
637,682.4417835760016,148.23,2.5003000000000064,12.7488418770904
638,688.3948333840016,157.02,2.313800000000005,0.189753317893767
639,688.3948333840015,157.01999999999998,2.313800000000003,0.378744819906918
640,688.3948333840015,157.01999999999998,2.313800000000005,1.86035248069113
641,682.4417835760016,148.23,2.5003000000000064,1.51292244107539
642,682.4417835760016,148.23,2.5003000000000064,5.93292922644729
643,682.4417835760016,148.23,2.5003000000000064,1.14464252116112
644,682.4417835760016,148.23,2.5003000000000064,3.38319412197981
645,682.4417835760016,148.23,2.5003000000000064,3.18479176367684
646,682.4417835760016,148.23,2.5003000000000064,13.0617091686331
647,682.4417835760016,148.23,2.5003000000000064,0.0
648,682.4417835760016,148.23,2.5003000000000064,12.332944445318
649,688.3948333840015,157.01999999999998,2.313800000000005,0.177481416858197
650,688.3948333840016,157.02,2.313800000000005,1.29770752980984
651,688.3948333840015,157.01999999999998,2.313800000000005,1.02905584901903
652,688.3948333840016,157.02,2.313800000000005,3.32209547888942
653,682.4417835760016,148.23,2.5003000000000064,2.69632777349126
654,682.4417835760016,148.23,2.5003000000000064,15.6579828421946
655,682.4417835760016,148.23,2.5003000000000064,13.5989349007472
656,688.3948333840015,157.01999999999998,2.313800000000003,0.866290862381161
657,688.3948333840015,157.01999999999998,2.313800000000005,1.50893204379193
658,688.3948333840016,157.02,2.313800000000005,2.06686238656014
659,696.4574336400017,139.44,2.8425000000000065,2.08175661411829
660,696.4574336400017,139.44,2.8425000000000065,8.48297168707826
661,702.4104834480015,148.23,2.656000000000006,0.427809551667204
662,702.4104834480015,165.81,2.4026000000000067,0.968277647162515
663,702.4104834480015,148.23,2.656000000000006,0.808762978384968
664,702.4104834480015,148.23,2.656000000000006,2.20191242743985
665,702.4104834480015,148.23,2.656000000000004,6.25091545795568
666,696.4574336400017,139.44,2.8425000000000065,9.64691590209649
667,696.4574336400017,139.44,2.8425000000000065,10.204951806532
668,696.4574336400017,139.44,2.8425000000000065,9.85400467452196
669,702.4104834480015,165.81,2.4026000000000067,0.0
670,702.4104834480015,148.23,2.656000000000004,0.789993728168462
671,702.4104834480015,148.23,2.656000000000006,1.2615912277384
672,702.4104834480015,148.23,2.656000000000006,3.29912358744338
673,702.4104834480015,148.23,2.656000000000006,1.28737799057788
674,702.4104834480015,165.81,2.4026000000000067,8.61535968622593
675,702.4104834480015,148.23,2.656000000000006,6.56869276610928
676,696.4574336400017,139.44,2.8425000000000065,9.94410154526165
677,702.4104834480015,165.81,2.4026000000000067,0.0
678,702.4104834480015,148.23,2.656000000000004,0.322929344612424
679,702.4104834480015,148.23,2.656000000000006,9.18229181884992
680,702.4104834480015,148.23,2.656000000000006,3.63374659409127
681,702.4104834480015,148.23,2.656000000000006,6.37187435645879
682,716.4261335120016,157.01999999999998,2.744800000000007,1.53580293515878
683,716.4261335120016,139.44,2.998200000000005,3.29595672911516
684,716.4261335120016,139.44,2.998200000000005,2.05578076137667
685,716.4261335120016,157.01999999999998,2.744800000000007,2.90558796690995
686,716.4261335120016,139.44,2.998200000000005,2.72223980138293
687,716.4261335120016,139.44,2.998200000000005,5.56581889403022
688,716.4261335120016,139.44,2.998200000000005,9.90359737094911
689,716.4261335120016,139.44,2.998200000000005,5.51534479770921
690,722.3791833200014,148.23,2.8117000000000036,0.711719636128806
691,716.4261335120016,139.44,2.998200000000005,4.58585161975491
692,716.4261335120016,139.44,2.998200000000005,5.40444942487627
693,716.4261335120016,139.44,2.998200000000005,4.30810452021723
694,722.3791833200014,148.23,2.8117000000000036,1.82128315093361
695,730.4417835760016,148.23,3.087000000000007,4.98518312254613
696,736.3948333840015,157.02,2.9005000000000045,2.88433313835312
697,730.4417835760016,148.23,3.087000000000007,5.08771498875336
698,736.3948333840015,157.02,2.9005000000000045,1.59202467832803
699,736.3948333840015,139.44,3.1539000000000037,2.71220896730458
700,750.4104834480015,148.23,3.2427000000000037,2.35511600595837
701,756.3635332560013,139.44,3.3096000000000005,0.678367489321481
702,668.4261335120016,157.01999999999998,2.1581000000000055,5.09428905135121
703,668.4261335120016,157.01999999999998,2.1581000000000055,1.58400956842109
704,668.4261335120016,157.01999999999998,2.1581000000000055,0.0
705,668.4261335120016,157.01999999999998,2.1581000000000055,2.44183027529572
706,668.4261335120016,157.01999999999998,2.1581000000000055,0.472396625978238
707,668.4261335120016,157.01999999999998,2.1581000000000055,0.896487430565163
708,668.4261335120016,157.01999999999998,2.1581000000000055,3.7652573341578
709,682.4417835760016,148.23,2.5003000000000064,8.35474230705818
710,682.4417835760016,148.23,2.5003000000000064,6.42912836755682
711,682.4417835760016,148.23,2.5003000000000064,21.0469712429222
712,682.4417835760016,148.23,2.5003000000000064,1.86270022130034
713,682.4417835760016,148.23,2.5003000000000064,0.969462011736918
714,682.4417835760016,148.23,2.5003000000000064,7.63067366148212
715,682.4417835760016,148.23,2.5003000000000064,8.46491566949878
716,682.4417835760016,148.23,2.5003000000000064,7.36278074058114
717,682.4417835760016,148.23,2.5003000000000064,12.5379264775882
718,682.4417835760016,148.23,2.5003000000000064,14.9286467477403
719,682.4417835760016,148.23,2.5003000000000064,13.1464540737272
720,682.4417835760016,148.23,2.5003000000000064,1.00864918650512
721,682.4417835760016,148.23,2.5003000000000064,1.664957533462
722,682.4417835760016,148.23,2.5003000000000064,1.84856536935947
723,682.4417835760016,148.23,2.5003000000000064,1.73441949016529
724,682.4417835760016,148.23,2.5003000000000064,8.18971733083164
725,682.4417835760016,148.23,2.5003000000000064,10.1104900320446
726,682.4417835760016,148.23,2.5003000000000064,7.70031002876138
727,682.4417835760016,148.23,2.5003000000000064,11.3779322529355
728,682.4417835760016,148.23,2.5003000000000064,1.37469076700571
729,682.4417835760016,148.23,2.5003000000000064,1.07586788199602
730,696.4574336400017,139.44,2.8425000000000074,16.077588143832
731,696.4574336400017,139.44,2.8425000000000074,13.8783988917346
732,696.4574336400017,139.44,2.8425000000000074,14.0200192724864
733,696.4574336400017,139.44,2.8425000000000074,0.847425680968254
734,696.4574336400017,139.44,2.8425000000000074,18.2995827091423
735,696.4574336400017,139.44,2.8425000000000074,19.1814161392664
736,696.4574336400017,139.44,2.8425000000000074,23.8708779785646
737,696.4574336400017,139.44,2.8425000000000074,10.5166033397914
738,696.4574336400017,139.44,2.8425000000000074,
739,696.4574336400017,139.44,2.8425000000000074,
740,696.4574336400017,139.44,2.8425000000000074,
741,702.4104834480015,148.23,2.656000000000006,9.91200911259923
742,702.4104834480015,148.23,2.656000000000006,7.85147820428308
743,696.4574336400017,139.44,2.8425000000000074,8.29173444578167
744,696.4574336400017,139.44,2.8425000000000074,31.7200589133578
745,696.4574336400017,139.44,2.8425000000000074,
746,696.4574336400017,139.44,2.8425000000000074,21.3290229040458
747,696.4574336400017,139.44,2.8425000000000074,20.3748039981381
748,702.4104834480015,148.23,2.656000000000006,3.61894999196594
749,702.4104834480015,148.23,2.656000000000006,1.47244010917579
750,702.4104834480015,148.23,2.656000000000006,1.84811752988636
751,702.4104834480015,148.23,2.656000000000006,4.50800159616274
752,696.4574336400017,139.44,2.8425000000000074,
753,702.4104834480015,148.23,2.656000000000006,0.0
754,702.4104834480015,148.23,2.656000000000006,1.32403220734919
755,702.4104834480015,148.23,2.656000000000006,4.33527193680889
756,710.4730837040017,130.65,3.1847000000000074,
757,710.4730837040017,130.65,3.1847000000000074,39.6050907754447
758,710.4730837040017,130.65,3.1847000000000074,
759,710.4730837040017,130.65,3.1847000000000074,
760,716.4261335120016,139.44,2.998200000000005,1.43405524827637
761,716.4261335120016,139.44,2.998200000000007,6.97288049575075
762,716.4261335120016,139.44,2.998200000000007,6.77524956646267
763,710.4730837040017,130.65,3.1847000000000074,14.4491979051727
764,710.4730837040017,130.65,3.1847000000000074,
765,710.4730837040017,130.65,3.1847000000000074,18.9176265849798
766,716.4261335120016,157.01999999999998,2.744800000000007,1.60005081982035
767,716.4261335120016,157.01999999999998,2.744800000000007,0.0
768,716.4261335120016,139.44,2.998200000000005,0.0
769,716.4261335120016,139.44,2.998200000000005,5.38348225225248
770,716.4261335120016,139.44,2.998200000000007,13.2628242113327
771,716.4261335120016,139.44,2.998200000000007,12.5989492495924
772,716.4261335120016,139.44,2.998200000000007,10.3154185526572
773,716.4261335120016,139.44,2.998200000000007,11.4724387108273
774,716.4261335120016,139.44,2.998200000000007,10.3750359346667
775,716.4261335120016,157.01999999999998,2.744800000000007,0.829468421821903
776,716.4261335120016,139.44,2.998200000000007,7.11457083816532
777,716.4261335120016,139.44,2.998200000000007,16.7980921880433
778,730.4417835760016,148.23,3.0870000000000077,1.18331764874362
779,730.4417835760016,148.23,3.087000000000007,1.37008519709176
780,730.4417835760016,130.65,3.340400000000005,21.4928795537187
781,730.4417835760016,130.65,3.340400000000005,21.394007604217
782,730.4417835760016,148.23,3.0870000000000077,0.665205431889079
783,730.4417835760016,148.23,3.0870000000000077,2.06299482791288
784,730.4417835760016,148.23,3.087000000000007,2.72810960467772
785,730.4417835760016,130.65,3.340400000000005,
786,730.4417835760016,130.65,3.340400000000005,14.970444547999
787,730.4417835760016,130.65,3.340400000000005,17.5373434608942
788,736.3948333840015,139.44,3.1539000000000046,3.28050636587607
789,730.4417835760016,130.65,3.340400000000005,1.78276186990473
790,730.4417835760016,130.65,3.340400000000005,15.4647904775125
791,736.3948333840015,139.44,3.1539000000000046,3.33965934246324
792,744.4574336400017,139.44,3.429200000000008,4.12747057051143
793,744.4574336400017,139.44,3.429200000000008,12.9406448258841
794,744.4574336400017,139.44,3.429200000000008,17.9081100585351
795,750.4104834480015,148.23,3.2427000000000046,0.680756250195283
796,750.4104834480015,148.23,3.242700000000003,0.845500640845762
797,750.4104834480015,130.65,3.4961000000000046,9.38214036097101
798,744.4574336400017,139.44,3.429200000000008,28.9411395720476
799,750.4104834480015,148.23,3.242700000000003,0.77163599337229
800,750.4104834480015,148.23,3.2427000000000046,1.76318922281633
801,750.4104834480015,130.65,3.4961000000000046,7.25834554080558
802,764.4261335120016,139.44,3.5849000000000055,12.4946673314706
803,764.4261335120016,139.44,3.5849000000000038,5.26377354601218
804,770.3791833200014,130.65,3.6518000000000024,1.96173261475868
805,668.4261335120016,157.01999999999998,2.1581000000000055,0.0
806,668.4261335120016,157.01999999999998,2.1581000000000055,4.02078480340014
807,668.4261335120016,157.01999999999998,2.1581000000000055,0.760346411182388
808,668.4261335120016,157.01999999999998,2.1581000000000055,3.24018380492267
809,668.4261335120016,157.01999999999998,2.1581000000000055,0.0
810,668.4261335120016,157.01999999999998,2.1581000000000055,0.435719150291537
811,668.4261335120016,157.01999999999998,2.1581000000000055,8.32384785005969
812,668.4261335120016,157.01999999999998,2.1581000000000055,0.553859606397352
813,682.4417835760016,148.23,2.5003000000000064,1.56861649078505
814,682.4417835760016,148.23,2.5003000000000064,5.56438687239785
815,682.4417835760016,148.23,2.5003000000000064,11.443599142153
816,682.4417835760016,148.23,2.5003000000000064,2.83591859851369
817,682.4417835760016,148.23,2.5003000000000064,6.52862102638454
818,682.4417835760016,148.23,2.5003000000000064,7.20786694078905
819,682.4417835760016,148.23,2.5003000000000064,6.94885310680274
820,682.4417835760016,148.23,2.5003000000000064,8.84282473410146
821,682.4417835760016,148.23,2.5003000000000064,10.8335253294452
822,682.4417835760016,148.23,2.5003000000000064,4.14317356558246
823,682.4417835760016,148.23,2.5003000000000064,5.29917671973405
824,682.4417835760016,148.23,2.5003000000000064,4.28786007936588
825,682.4417835760016,148.23,2.5003000000000064,9.64406178876388
826,682.4417835760016,148.23,2.5003000000000064,7.4314677450181
827,682.4417835760016,148.23,2.5003000000000064,9.48450387799235
828,682.4417835760016,148.23,2.5003000000000064,6.85483391360616
829,682.4417835760016,148.23,2.5003000000000064,3.96235711680299
830,682.4417835760016,148.23,2.5003000000000064,1.63508921358277
831,696.4574336400017,139.44,2.8425000000000074,16.3277705779119
832,696.4574336400017,139.44,2.8425000000000074,15.149164827562
833,696.4574336400017,139.44,2.8425000000000074,2.01726772436196
834,696.4574336400017,139.44,2.8425000000000074,10.8797774719577
835,696.4574336400017,139.44,2.8425000000000074,13.9483948113781
836,696.4574336400017,139.44,2.8425000000000074,16.5294864496929
837,696.4574336400017,139.44,2.8425000000000074,6.21470788596529
838,696.4574336400017,139.44,2.8425000000000074,14.2200006126618
839,702.4104834480015,148.23,2.656000000000006,1.69966246683127
840,702.4104834480015,148.23,2.656000000000006,8.53325588217006
841,696.4574336400017,139.44,2.8425000000000074,13.794878755231
842,696.4574336400017,139.44,2.8425000000000074,17.7838988158919
843,696.4574336400017,139.44,2.8425000000000074,14.0205138468648
844,696.4574336400017,139.44,2.8425000000000074,15.5997231980393
845,696.4574336400017,139.44,2.8425000000000074,15.8174538846677
846,696.4574336400017,139.44,2.8425000000000074,18.4517774239596
847,696.4574336400017,139.44,2.8425000000000074,15.3851899606347
848,702.4104834480015,148.23,2.656000000000006,0.0
849,702.4104834480015,148.23,2.656000000000006,1.06615708960848
850,702.4104834480015,148.23,2.656000000000006,2.03449781247048
851,696.4574336400017,139.44,2.8425000000000074,16.895727403199
852,702.4104834480015,148.23,2.656000000000006,1.64334361473529
853,702.4104834480015,148.23,2.656000000000006,1.71240718885104
854,702.4104834480015,148.23,2.656000000000006,5.95698665383867
855,710.4730837040017,130.65,3.1847000000000074,15.9941631050821
856,710.4730837040017,130.65,3.1847000000000074,17.5465558172106
857,716.4261335120016,139.44,2.998200000000005,0.602844629305999
858,716.4261335120016,139.44,2.998200000000007,7.3835449615409
859,716.4261335120016,139.44,2.998200000000007,4.99495919061076
860,716.4261335120016,157.01999999999998,2.744800000000007,5.43259647917764
861,716.4261335120016,139.44,2.998200000000007,11.6037508724219
862,710.4730837040017,130.65,3.1847000000000074,17.057451900638
863,710.4730837040017,130.65,3.1847000000000074,14.2577175372641
864,716.4261335120016,157.01999999999998,2.744800000000007,1.3015158585474
865,716.4261335120016,139.44,2.998200000000007,5.49597389270837
866,716.4261335120016,139.44,2.998200000000007,8.12483105511424
867,716.4261335120016,139.44,2.998200000000007,7.25818071711214
868,716.4261335120016,139.44,2.998200000000007,18.5136951232214
869,710.4730837040017,130.65,3.1847000000000074,16.8666778731976
870,716.4261335120016,157.01999999999998,2.744800000000007,1.10348001980434
871,716.4261335120016,139.44,2.998200000000007,8.45244124202911
872,716.4261335120016,139.44,2.998200000000007,8.56160229816813
873,716.4261335120016,139.44,2.998200000000007,11.7404523373768
874,730.4417835760016,148.23,3.087000000000007,2.20823110798504
875,730.4417835760016,148.23,3.0870000000000077,5.09894238615124
876,730.4417835760016,130.65,3.340400000000005,10.6550477427762
877,730.4417835760016,130.65,3.340400000000005,9.67130587136586
878,730.4417835760016,148.23,3.087000000000007,3.09949795044492
879,730.4417835760016,130.65,3.340400000000005,5.04160414574833
880,730.4417835760016,148.23,3.0870000000000077,3.81902655522097
881,730.4417835760016,130.65,3.340400000000005,11.54937966223
882,736.3948333840015,139.44,3.1539000000000046,3.74045783716038
883,730.4417835760016,130.65,3.340400000000005,13.9956265488686
884,730.4417835760016,130.65,3.340400000000005,14.0769570705521
885,730.4417835760016,130.65,3.340400000000005,11.4975280813363
886,736.3948333840015,139.44,3.1539000000000046,3.26356604883593
887,744.4574336400017,139.44,3.429200000000008,6.03721084467943
888,750.4104834480015,148.23,3.2427000000000046,1.24941457888969
889,750.4104834480015,130.65,3.4961000000000046,3.79741727022364
890,744.4574336400017,139.44,3.429200000000008,7.97624469453957
891,750.4104834480015,148.23,3.2427000000000046,0.973102031100585
892,750.4104834480015,148.23,3.242700000000003,1.27958788268778
893,750.4104834480015,130.65,3.4961000000000046,5.00602618748626
894,764.4261335120016,139.44,3.5849000000000055,2.90161297570042
895,764.4261335120016,139.44,3.5849000000000055,4.36074858596177
896,770.3791833200014,130.65,3.6518000000000024,0.776329162160988
897,668.4261335120016,157.01999999999998,2.1581000000000055,8.78131527625349
898,668.4261335120016,157.01999999999998,2.1581000000000055,0.771648000010183
899,668.4261335120016,157.01999999999998,2.1581000000000055,0.0
900,668.4261335120016,157.01999999999998,2.1581000000000055,7.09597306892521
901,668.4261335120016,157.01999999999998,2.1581000000000055,0.873937838447936
902,668.4261335120016,157.01999999999998,2.1581000000000055,0.97629217196843
903,668.4261335120016,157.01999999999998,2.1581000000000055,0.209338359803059
904,682.4417835760016,148.23,2.5003000000000064,0.0
905,682.4417835760016,148.23,2.5003000000000064,1.99135776862513
906,682.4417835760016,148.23,2.5003000000000064,10.2620504723031
907,682.4417835760016,148.23,2.5003000000000064,1.94857362289206
908,682.4417835760016,148.23,2.5003000000000064,2.54868998196324
909,682.4417835760016,148.23,2.5003000000000064,0.662854799475787
910,682.4417835760016,148.23,2.5003000000000064,3.10780670251446
911,682.4417835760016,148.23,2.5003000000000064,8.72191934318042
912,682.4417835760016,148.23,2.5003000000000064,8.93206083986176
913,682.4417835760016,148.23,2.5003000000000064,1.32979777867958
914,682.4417835760016,148.23,2.5003000000000064,0.645783722405573
915,682.4417835760016,148.23,2.5003000000000064,4.57291098664337
916,682.4417835760016,148.23,2.5003000000000064,3.25307167681643
917,682.4417835760016,148.23,2.5003000000000064,3.7149754438113
918,682.4417835760016,148.23,2.5003000000000064,12.860118291013
919,682.4417835760016,148.23,2.5003000000000064,5.11780128419205
920,682.4417835760016,148.23,2.5003000000000064,3.75256523695406
921,682.4417835760016,148.23,2.5003000000000064,9.04097798978212
922,696.4574336400017,139.44,2.8425000000000074,6.49176413126488
923,696.4574336400017,139.44,2.8425000000000074,7.01845202952227
924,696.4574336400017,139.44,2.8425000000000074,4.24233753869852
925,696.4574336400017,139.44,2.8425000000000074,13.8285743517626
926,702.4104834480015,148.23,2.656000000000006,0.965841039926545
927,702.4104834480015,148.23,2.656000000000006,6.36437525566668
928,696.4574336400017,139.44,2.8425000000000074,8.3860086336899
929,696.4574336400017,139.44,2.8425000000000074,5.55083406281102
930,696.4574336400017,139.44,2.8425000000000074,11.9197932383945
931,696.4574336400017,139.44,2.8425000000000074,10.9911499870772
932,696.4574336400017,139.44,2.8425000000000074,13.4558948028564
933,702.4104834480015,148.23,2.656000000000006,0.841138476755866
934,702.4104834480015,148.23,2.656000000000006,1.61425092086833
935,696.4574336400017,139.44,2.8425000000000074,11.9246600756488
936,702.4104834480015,148.23,2.656000000000006,0.0
937,702.4104834480015,148.23,2.656000000000006,5.9827668444322
938,710.4730837040017,130.65,3.1847000000000074,14.3288315619652
939,710.4730837040017,130.65,3.1847000000000074,14.4693941099029
940,710.4730837040017,130.65,3.1847000000000074,9.53035568549732
941,716.4261335120016,139.44,2.998200000000007,6.34546115095856
942,716.4261335120016,139.44,2.998200000000007,4.44407065902377
943,710.4730837040017,130.65,3.1847000000000074,12.2169490409911
944,716.4261335120016,157.01999999999998,2.744800000000007,0.754391717033188
945,716.4261335120016,157.01999999999998,2.744800000000007,1.11913505868609
946,716.4261335120016,139.44,2.998200000000007,1.99472023648165
947,716.4261335120016,139.44,2.998200000000007,2.082623164691
948,716.4261335120016,139.44,2.998200000000005,2.45900261524847
949,716.4261335120016,139.44,2.998200000000007,7.72705531145651
950,716.4261335120016,139.44,2.998200000000007,6.46528569398341
951,716.4261335120016,157.01999999999998,2.744800000000007,0.0
952,716.4261335120016,139.44,2.998200000000007,4.95076227165171
953,716.4261335120016,139.44,2.998200000000007,2.72655730953784
954,716.4261335120016,139.44,2.998200000000007,5.93789596276991
955,730.4417835760016,148.23,3.0870000000000077,1.77383470607728
956,730.4417835760016,148.23,3.087000000000007,2.9806547988811
957,730.4417835760016,130.65,3.340400000000005,6.62426088864975
958,730.4417835760016,148.23,3.0870000000000077,0.0
959,730.4417835760016,148.23,3.0870000000000077,2.52750212851239
960,730.4417835760016,130.65,3.340400000000005,3.60505935400042
961,730.4417835760016,148.23,3.087000000000007,6.77580234846452
962,730.4417835760016,130.65,3.340400000000005,10.2070449682606
963,730.4417835760016,130.65,3.340400000000005,5.98072534128521
964,736.3948333840015,139.44,3.1539000000000046,1.90794808646637
965,730.4417835760016,130.65,3.340400000000005,8.02615578928476
966,736.3948333840015,139.44,3.1539000000000046,0.0
967,744.4574336400017,139.44,3.429200000000008,6.38459109997161
968,750.4104834480015,130.65,3.4961000000000046,1.27673828260327
969,750.4104834480015,148.23,3.242700000000003,1.26590918315832
970,750.4104834480015,148.23,3.2427000000000046,2.27025992978857
971,744.4574336400017,139.44,3.429200000000008,6.01637611822386
972,750.4104834480015,148.23,3.242700000000003,0.0
973,750.4104834480015,148.23,3.2427000000000046,1.56312788928706
974,750.4104834480015,130.65,3.4961000000000046,3.73924564179977
975,764.4261335120016,139.44,3.5849000000000055,3.57236597021651
976,770.3791833200014,130.65,3.6518000000000024,0.603694641225021
977,668.4261335120016,157.01999999999998,2.1581000000000055,5.84146305779131
978,668.4261335120016,157.01999999999998,2.1581000000000055,0.281456988841864
979,668.4261335120016,157.01999999999998,2.1581000000000055,0.732943029685474
980,668.4261335120016,157.01999999999998,2.1581000000000055,5.43337426900397
981,668.4261335120016,157.01999999999998,2.1581000000000055,0.410197822553635
982,668.4261335120016,157.01999999999998,2.1581000000000055,0.763858585943457
983,668.4261335120016,157.01999999999998,2.1581000000000055,0.387785840321743
984,668.4261335120016,157.01999999999998,2.1581000000000055,0.0631413397523475
985,682.4417835760016,148.23,2.5003000000000064,1.07772344387329
986,682.4417835760016,148.23,2.5003000000000064,1.37206765733879
987,682.4417835760016,148.23,2.5003000000000064,3.03853634063268
988,682.4417835760016,148.23,2.5003000000000064,1.72988986016016
989,682.4417835760016,148.23,2.5003000000000064,5.60212198753231
990,682.4417835760016,148.23,2.5003000000000064,6.58372039999785
991,682.4417835760016,148.23,2.5003000000000064,3.12069621194855
992,682.4417835760016,148.23,2.5003000000000064,6.54164116614421
993,682.4417835760016,148.23,2.5003000000000064,6.33319291649195
994,682.4417835760016,148.23,2.5003000000000064,1.90636792379754
995,682.4417835760016,148.23,2.5003000000000064,2.95083163085353
996,682.4417835760016,148.23,2.5003000000000064,3.84865616842281
997,682.4417835760016,148.23,2.5003000000000064,3.50568233616466
998,682.4417835760016,148.23,2.5003000000000064,10.8917119565684
999,682.4417835760016,148.23,2.5003000000000064,8.02633933853938
1000,682.4417835760016,148.23,2.5003000000000064,5.0842602857463
1001,682.4417835760016,148.23,2.5003000000000064,3.94806302933018
1002,682.4417835760016,148.23,2.5003000000000064,3.89718325159018
1003,696.4574336400017,139.44,2.8425000000000074,14.714560592449
1004,696.4574336400017,139.44,2.8425000000000074,5.63613789880236
1005,696.4574336400017,139.44,2.8425000000000074,11.3417742329325
1006,696.4574336400017,139.44,2.8425000000000074,8.88200480021389
1007,696.4574336400017,139.44,2.8425000000000074,8.16139026562739
1008,696.4574336400017,139.44,2.8425000000000074,9.21341813663576
1009,696.4574336400017,139.44,2.8425000000000074,8.65219807004859
1010,702.4104834480015,148.23,2.656000000000006,0.908411851800276
1011,702.4104834480015,148.23,2.656000000000006,2.34022890144803
1012,696.4574336400017,139.44,2.8425000000000074,2.84459532612056
1013,696.4574336400017,139.44,2.8425000000000074,11.066387054477
1014,696.4574336400017,139.44,2.8425000000000074,14.3107032204246
1015,696.4574336400017,139.44,2.8425000000000074,12.2356167785668
1016,696.4574336400017,139.44,2.8425000000000074,15.2258345937469
1017,696.4574336400017,139.44,2.8425000000000074,12.8548988277996
1018,696.4574336400017,139.44,2.8425000000000074,9.09993134386452
1019,702.4104834480015,148.23,2.656000000000006,0.0
1020,702.4104834480015,148.23,2.656000000000006,5.277380895154
1021,702.4104834480015,148.23,2.656000000000006,2.03092245602376
1022,696.4574336400017,139.44,2.8425000000000074,3.40540334533459
1023,696.4574336400017,139.44,2.8425000000000074,13.492984331769
1024,696.4574336400017,139.44,2.8425000000000074,14.021952462447
1025,702.4104834480015,148.23,2.656000000000006,0.350154358610997
1026,702.4104834480015,148.23,2.656000000000006,1.47792409109001
1027,710.4730837040017,130.65,3.1847000000000074,12.7237221341394
1028,710.4730837040017,130.65,3.1847000000000074,8.79562486669631
1029,716.4261335120016,139.44,2.998200000000007,8.20901982744178
1030,716.4261335120016,139.44,2.998200000000005,5.53082470510506
1031,710.4730837040017,130.65,3.1847000000000074,13.4596617016507
1032,710.4730837040017,130.65,3.1847000000000074,10.7456721828414
1033,716.4261335120016,157.01999999999998,2.744800000000007,0.0
1034,716.4261335120016,157.01999999999998,2.744800000000007,0.468512114389981
1035,716.4261335120016,139.44,2.998200000000005,1.11664264192744
1036,716.4261335120016,139.44,2.998200000000007,4.96786005047344
1037,716.4261335120016,139.44,2.998200000000007,6.1229541496057
1038,716.4261335120016,139.44,2.998200000000007,6.18768246762479
1039,716.4261335120016,139.44,2.998200000000007,5.62237241381614
1040,716.4261335120016,139.44,2.998200000000005,3.02029401550446
1041,716.4261335120016,139.44,2.998200000000007,2.82608776530411
1042,710.4730837040017,130.65,3.1847000000000074,15.6441564507513
1043,716.4261335120016,157.01999999999998,2.744800000000007,0.677588339973294
1044,716.4261335120016,139.44,2.998200000000007,7.28812978885194
1045,716.4261335120016,139.44,2.998200000000007,12.5426275983239
1046,716.4261335120016,139.44,2.998200000000007,6.00633338793121
1047,730.4417835760016,148.23,3.0870000000000077,2.17304879453862
1048,730.4417835760016,130.65,3.340400000000005,3.268875883681
1049,730.4417835760016,130.65,3.340400000000005,8.17650790736932
1050,730.4417835760016,130.65,3.340400000000005,3.71369451511755
1051,736.3948333840015,139.44,3.1539000000000046,0.607675274736347
1052,736.3948333840015,139.44,3.1539000000000046,1.89968664275735
1053,744.4574336400017,139.44,3.429200000000008,2.6514206723528
1054,744.4574336400017,139.44,3.429200000000008,4.0031755082903
1055,750.4104834480015,148.23,3.2427000000000046,2.57329475619345
1056,750.4104834480015,148.23,3.242700000000003,1.01682840915015
1057,750.4104834480015,130.65,3.4961000000000046,4.86412706823132
1058,744.4574336400017,139.44,3.429200000000008,6.40368957248536
1059,750.4104834480015,130.65,3.4961000000000046,3.57607449672397
1060,764.4261335120016,139.44,3.5849000000000055,0.0
1061,764.4261335120016,139.44,3.5849000000000038,0.0
1062,770.3791833200014,130.65,3.6518000000000024,0.525572271716355
